time,latitude,longitude,depth,mag,magType,nst,gap,dmin,rms,net,id,updated,place,type,horizontalError,depthError,magError,magNst,status,locationSource,magSource
2020-03-23T01:19:54.500Z,40.779,-112.044,8.43,1.9,md,15,112,0.0364,0.13,uu,uu60369067,2020-03-23T04:08:57.562Z,"9km NNE of Magna, Utah",earthquake,0.33,0.64,0.261,9,reviewed,uu,uu
2020-03-23T01:17:15.310Z,40.779,-112.053,9.98,3.94,ml,44,52,0.01894,0.19,uu,uu60369062,2020-03-23T04:18:16.147Z,"8km NNE of Magna, Utah",earthquake,0.28,0.44,0.205,20,reviewed,uu,uu
2020-03-23T00:27:12.480Z,40.7458333,-112.0708333,7.32,1.36,ml,21,47,0.009484,0.21,uu,uu60369047,2020-03-23T02:37:01.650Z,"4km NNE of Magna, Utah",earthquake,0.34,0.97,0.081,2,reviewed,uu,uu
2020-03-22T22:59:17.080Z,40.7553333,-112.0591667,7.96,1.04,md,17,59,0.01459,0.12,uu,uu60369027,2020-03-23T02:36:18.610Z,"6km NE of Magna, Utah",earthquake,0.24,0.66,0.202,9,reviewed,uu,uu
2020-03-22T20:55:02.190Z,40.7361667,-112.0773333,9.85,1.5,ml,21,46,0.01732,0.16,uu,uu60368997,2020-03-23T02:35:33.620Z,"3km NE of Magna, Utah",earthquake,0.34,0.79,0.259,2,reviewed,uu,uu
2020-03-22T15:50:15.630Z,40.7511667,-112.0671667,7.89,2.79,ml,45,49,0.008709,0.18,uu,uu60368937,2020-03-23T04:20:44.339Z,"5km NNE of Magna, Utah",earthquake,0.23,1,0.252,17,reviewed,uu,uu
2020-03-22T13:11:14.490Z,40.7905,-112.0791667,11.03,1.51,ml,16,57,0.01983,0.15,uu,uu60368907,2020-03-22T19:19:00.260Z,"9km NNE of Magna, Utah",earthquake,0.71,0.84,0.206,3,reviewed,uu,uu
2020-03-22T08:57:14.360Z,40.733,-112.0786667,10.98,2.07,ml,29,46,0.02047,0.14,uu,uu60368817,2020-03-23T01:35:25.766Z,"3km NE of Magna, Utah",earthquake,0.29,0.59,0.07,10,reviewed,uu,uu
2020-03-22T08:54:18.580Z,40.7365,-112.0625,8.55,1.74,ml,48,45,0.02075,0.23,uu,uu60368812,2020-03-22T19:20:35.030Z,"4km NE of Magna, Utah",earthquake,0.27,0.7,0.198,6,reviewed,uu,uu
2020-03-22T08:31:36.700Z,40.7375,-112.0588333,9.15,2.18,ml,31,44,0.02173,0.14,uu,uu60368802,2020-03-23T03:48:06.480Z,"5km NE of Magna, Utah",earthquake,0.27,0.63,0.119,10,reviewed,uu,uu
2020-03-22T04:41:36.190Z,40.7411667,-112.0658333,8.51,1.62,ml,38,46,0.01549,0.21,uu,uu60368732,2020-03-22T23:35:22.932Z,"4km NE of Magna, Utah",earthquake,0.27,0.65,0.337,3,reviewed,uu,uu
2020-03-22T03:44:53.130Z,40.7513333,-112.0756667,8.27,1.8,ml,24,50,0.002896,0.16,uu,uu60368702,2020-03-22T23:34:21.249Z,"7km NNE of Magna, Utah",earthquake,0.34,0.62,0.073,6,reviewed,uu,uu
2020-03-22T02:56:35.660Z,40.7566667,-112.0435,5.58,1.83,ml,25,51,0.02431,0.14,uu,uu60368672,2020-03-22T23:32:38.434Z,"8km NE of Magna, Utah",earthquake,0.23,0.84,0.203,5,reviewed,uu,uu
2020-03-21T22:42:18.600Z,40.7506667,-112.048,8.49,1.04,md,9,107,0.02313,0.07,uu,uu60368607,2020-03-22T01:03:33.970Z,"6km NE of Magna, Utah",earthquake,0.39,0.9,0.285,6,reviewed,uu,uu
2020-03-21T16:59:31.930Z,40.7433333,-112.0635,10.27,3.37,ml,44,46,0.0151,0.2,uu,uu60368447,2020-03-23T04:21:04.827Z,"5km NE of Magna, Utah",earthquake,0.3,0.46,0.244,22,reviewed,uu,uu
2020-03-21T14:15:56.490Z,40.7541667,-112.0638333,10.15,2.41,ml,55,32,0.01095,0.2,uu,uu60368387,2020-03-22T22:33:20.040Z,"5km NNE of Magna, Utah",earthquake,0.24,0.51,0.15,12,reviewed,uu,uu
2020-03-21T09:06:40.800Z,40.7686667,-112.0773333,9.93,2.92,ml,48,54,0.01518,0.15,uu,uu60368252,2020-03-23T02:14:22.005Z,"7km NNE of Magna, Utah",earthquake,0.24,0.45,0.138,15,reviewed,uu,uu
2020-03-21T08:19:00.150Z,40.7373333,-112.0491667,9.58,1.44,ml,12,87,0.02734,0.07,uu,uu60368237,2020-03-22T19:27:49.550Z,"5km NE of Magna, Utah",earthquake,0.35,0.49,0.208,4,reviewed,uu,uu
2020-03-21T06:50:46.430Z,40.771,-112.0566667,7.89,1.53,ml,19,72,0.02279,0.12,uu,uu60368202,2020-03-22T22:18:00.040Z,"8km NNE of Magna, Utah",earthquake,0.35,0.61,0.103,4,reviewed,uu,uu
2020-03-21T06:22:23.250Z,40.7465,-112.0478333,9.04,1.82,ml,46,44,0.02154,0.24,uu,uu60368197,2020-03-21T22:40:40.870Z,"6km NE of Magna, Utah",earthquake,0.27,0.68,0.114,9,reviewed,uu,uu
2020-03-21T06:17:56.380Z,40.7448333,-112.0515,9.86,1.63,ml,35,54,0.02145,0.22,uu,uu60368192,2020-03-22T01:05:19.130Z,"5km NE of Magna, Utah",earthquake,0.38,0.6,0.164,7,reviewed,uu,uu
2020-03-21T01:27:51.660Z,40.7481667,-112.0446667,10.11,2.48,ml,53,42,0.02222,0.19,uu,uu60368007,2020-03-21T19:44:24.858Z,"8km NE of Magna, Utah",earthquake,0.23,0.55,0.179,17,reviewed,uu,uu
2020-03-21T01:10:45.330Z,40.747,-112.0475,9.91,2.26,ml,58,39,0.02189,0.2,uu,uu60367992,2020-03-21T16:25:54.540Z,"6km NE of Magna, Utah",earthquake,0.23,0.52,0.122,12,reviewed,uu,uu
2020-03-20T22:32:11.030Z,40.7571667,-112.0715,7.02,2.27,ml,32,51,0.006287,0.18,uu,uu60367877,2020-03-21T16:23:26.410Z,"5km NNE of Magna, Utah",earthquake,0.27,0.52,0.131,13,reviewed,uu,uu
2020-03-20T22:31:55.130Z,40.7626667,-112.0666667,6.55,2.23,ml,21,59,0.01269,0.19,uu,uu60367882,2020-03-21T16:24:18.460Z,"6km NNE of Magna, Utah",earthquake,0.35,0.72,0.19,12,reviewed,uu,uu
2020-03-20T21:41:55.850Z,40.7531667,-112.0323333,8.03,1.95,ml,28,43,0.02502,0.17,uu,uu60367827,2020-03-21T16:18:13.957Z,"7km NNW of West Valley City, Utah",earthquake,0.34,0.63,0.075,10,reviewed,uu,uu
2020-03-20T16:13:04.720Z,40.7323333,-112.0851667,8.11,1.73,ml,31,47,0.02178,0.21,uu,uu60367722,2020-03-20T23:03:00.197Z,"2km NNE of Magna, Utah",earthquake,0.3,0.74,0.116,9,reviewed,uu,uu
2020-03-20T14:01:08.200Z,40.7476667,-112.0376667,8.34,2.44,ml,33,41,0.02074,0.15,uu,uu60367652,2020-03-21T05:42:39.040Z,"6km NE of Magna, Utah",earthquake,0.26,0.6,0.211,16,reviewed,uu,uu
2020-03-20T13:53:39.640Z,40.749,-112.0528333,8.74,1.45,ml,19,46,0.0198,0.14,uu,uu60367642,2020-03-20T16:56:14.020Z,"6km NE of Magna, Utah",earthquake,0.29,0.62,0.21,5,reviewed,uu,uu
2020-03-20T11:58:04.450Z,40.756,-112.0628333,7.97,1.41,ml,19,63,0.03552,0.13,uu,uu60367607,2020-03-20T17:08:20.680Z,"6km NNE of Magna, Utah",earthquake,0.3,0.76,0.276,4,reviewed,uu,uu
2020-03-20T11:17:13.420Z,40.7578333,-112.0686667,7.17,1.48,ml,17,79,0.008453,0.13,uu,uu60367587,2020-03-20T18:34:53.210Z,"6km NNE of Magna, Utah",earthquake,0.37,0.59,0.191,2,reviewed,uu,uu
2020-03-20T10:58:08.240Z,40.7583333,-112.0563333,7.23,2.04,ml,33,41,0.01731,0.16,uu,uu60367577,2020-03-20T22:10:39.483Z,"3km NE of Magna, Utah",earthquake,0.24,0.53,0.184,12,reviewed,uu,uu
2020-03-20T10:35:46.130Z,40.7526667,-112.0661667,8.99,1.12,ml,14,97,0.009191,0.13,uu,uu60367562,2020-03-20T18:34:08.160Z,"5km NNE of Magna, Utah",earthquake,0.43,0.85,0.108,3,reviewed,uu,uu
2020-03-20T10:20:33.490Z,40.7523333,-112.0673333,8.51,1.33,ml,13,66,0.008348,0.14,uu,uu60367557,2020-03-20T22:13:54.410Z,"5km NNE of Magna, Utah",earthquake,0.36,0.94,0.189,3,reviewed,uu,uu
2020-03-20T08:54:04.670Z,40.7615,-112.053,7.4,2.21,ml,32,53,0.02076,0.14,uu,uu60367492,2020-03-20T22:09:47.963Z,"6km NE of Magna, Utah",earthquake,0.26,0.51,0.182,12,reviewed,uu,uu
2020-03-20T07:31:20.900Z,40.7461667,-112.0403333,7.68,1.53,ml,41,43,0.01949,0.24,uu,uu60367437,2020-03-22T19:27:01.729Z,"6km NNW of West Valley City, Utah",earthquake,0.31,0.79,0.057,4,reviewed,uu,uu
2020-03-20T05:48:01.370Z,40.76,-112.057,7.59,1.64,ml,19,58,0.01738,0.18,uu,uu60367377,2020-03-22T01:07:43.810Z,"6km NNE of Magna, Utah",earthquake,0.32,0.85,0.195,4,reviewed,uu,uu
2020-03-20T05:35:04.180Z,40.7421667,-112.0568333,8.71,1.71,ml,38,54,0.0198,0.25,uu,uu60367367,2020-03-22T01:05:21.239Z,"5km NE of Magna, Utah",earthquake,0.36,0.79,0.164,7,reviewed,uu,uu
2020-03-20T05:03:06.080Z,40.757,-112.0741667,9.65,1.53,ml,14,99,0.004665,0.13,uu,uu60367347,2020-03-20T20:16:33.990Z,"5km NNE of Magna, Utah",earthquake,0.41,0.93,0.017,2,reviewed,uu,uu
2020-03-20T05:02:02.870Z,40.7648333,-112.0753333,10.45,2.13,ml,34,53,0.01154,0.15,uu,uu60367352,2020-03-20T14:41:05.726Z,"6km NNE of Magna, Utah",earthquake,0.25,0.45,0.198,8,reviewed,uu,uu
2020-03-20T04:52:22.560Z,40.7486667,-112.058,7.82,1.86,ml,42,52,0.0161,0.19,uu,uu60367337,2020-03-20T22:14:17.072Z,"5km NE of Magna, Utah",earthquake,0.24,0.66,0.123,11,reviewed,uu,uu
2020-03-20T04:20:46.570Z,40.7606667,-112.0688333,9.75,2.3,ml,29,50,0.01011,0.12,uu,uu60367307,2020-03-23T01:37:36.994Z,"6km N of Magna, Utah",earthquake,0.25,0.41,0.136,10,reviewed,uu,uu
2020-03-20T04:20:23.450Z,40.7638333,-112.072,9.68,1.76,ml,23,55,0.01136,0.11,uu,uu60367302,2020-03-20T14:56:46.810Z,"6km NNE of Magna, Utah",earthquake,0.25,0.44,0.319,10,reviewed,uu,uu
2020-03-20T02:51:14.580Z,40.7555,-112.0565,8.3,1.66,ml,23,53,0.01662,0.14,uu,uu60367242,2020-03-20T17:08:31.301Z,"6km NE of Magna, Utah",earthquake,0.27,0.61,0.074,8,reviewed,uu,uu
2020-03-20T02:16:30.750Z,40.7536667,-112.0706667,5.29,1.56,ml,34,50,0.03756,0.18,uu,uu60367227,2020-03-22T19:25:33.460Z,"5km NNE of Magna, Utah",earthquake,0.28,0.77,0.14,4,reviewed,uu,uu
2020-03-20T01:10:49.820Z,40.759,-112.0816667,7.91,1.71,ml,24,60,0.04489,0.25,uu,uu60367167,2020-03-21T16:22:43.370Z,"5km NNE of Magna, Utah",earthquake,0.44,1.07,0.117,7,reviewed,uu,uu
2020-03-20T01:01:48.940Z,40.7666667,-112.0811667,5.89,1.7,ml,34,54,0.04186,0.23,uu,uu60367162,2020-03-21T16:21:58.330Z,"6km NNE of Magna, Utah",earthquake,0.3,0.94,0.109,8,reviewed,uu,uu
2020-03-20T00:55:22.460Z,40.7545,-112.0345,7.72,1.93,ml,39,44,0.02397,0.24,uu,uu60367152,2020-03-20T20:16:36.198Z,"7km NNW of West Valley City, Utah",earthquake,0.32,0.84,0.171,10,reviewed,uu,uu
2020-03-19T21:50:09.410Z,40.7685,-112.0695,7.54,1.47,ml,19,59,0.03284,0.15,uu,uu60367032,2020-03-19T22:07:16.790Z,"7km NNE of Magna, Utah",earthquake,0.27,0.92,0.103,4,reviewed,uu,uu
2020-03-19T20:37:39.230Z,40.761,-112.0708333,9.17,1.14,ml,15,83,0.03663,0.13,uu,uu60366947,2020-03-20T16:59:25.090Z,"6km NNE of Magna, Utah",earthquake,0.32,1.11,0.286,3,reviewed,uu,uu
2020-03-19T20:29:10.820Z,40.7466667,-112.0508333,8.81,1.43,ml,19,52,0.02274,0.13,uu,uu60366937,2020-03-20T16:58:42.160Z,"5km NE of Magna, Utah",earthquake,0.32,1.06,0.384,3,reviewed,uu,uu
2020-03-19T20:28:07.710Z,40.7571667,-112.0741667,6.15,1.72,ml,28,59,0.04071,0.2,uu,uu60366932,2020-03-20T02:32:10.787Z,"5km NNE of Magna, Utah",earthquake,0.35,0.82,0.215,6,reviewed,uu,uu
2020-03-19T19:40:14.240Z,40.7286667,-112.09,8.6,1.6,ml,31,49,0.04117,0.24,uu,uu60366877,2020-03-20T02:52:42.244Z,"2km NNE of Magna, Utah",earthquake,0.43,1,0.062,5,reviewed,uu,uu
2020-03-19T19:22:50.490Z,40.7573333,-112.0728333,10.23,1.25,ml,17,104,0.04135,0.13,uu,uu60366862,2020-03-20T16:57:57.100Z,"5km NNE of Magna, Utah",earthquake,0.35,0.89,0.264,3,reviewed,uu,uu
2020-03-19T18:46:26.750Z,40.7541667,-112.0566667,5.7,1.48,ml,21,56,0.03221,0.29,uu,uu60366832,2020-03-19T22:20:14.130Z,"6km NE of Magna, Utah",earthquake,0.5,1.49,0.158,4,reviewed,uu,uu
2020-03-19T18:16:39.430Z,40.7273333,-112.0988333,11.08,2.74,ml,61,41,0.04283,0.19,uu,uu60366812,2020-03-23T03:04:10.257Z,"1km NNW of Magna, Utah",earthquake,0.22,0.45,0.126,17,reviewed,uu,uu
2020-03-19T17:53:23.880Z,40.751,-112.0468333,6.52,1.48,ml,10,80,0.02543,0.09,uu,uu60020334,2020-03-20T15:11:47.060Z,"6km NE of Magna, Utah",earthquake,0.38,0.75,0.273,2,reviewed,uu,uu
2020-03-19T17:53:13.600Z,40.7623333,-112.0303333,5.97,1.45,ml,9,103,0.0356,0.15,uu,uu60366797,2020-03-20T15:02:27.860Z,"8km NNW of West Valley City, Utah",earthquake,0.57,1.11,0.432,2,reviewed,uu,uu
2020-03-19T17:43:18.280Z,40.776,-112.073,8.77,1.1,ml,13,108,0.03416,0.14,uu,uu60366792,2020-03-20T16:57:13.990Z,"7km NNE of Magna, Utah",earthquake,0.45,0.87,0.101,2,reviewed,uu,uu
2020-03-19T17:18:44.450Z,40.7493333,-112.0576667,8.32,1.68,ml,35,47,0.02782,0.21,uu,uu60366752,2020-03-19T18:32:45.512Z,"5km NE of Magna, Utah",earthquake,0.32,0.82,0.262,5,reviewed,uu,uu
2020-03-19T17:11:06.060Z,40.7575,-112.0363333,6.88,1.91,ml,35,45,0.02141,0.18,uu,uu60366737,2020-03-20T15:05:57.907Z,"7km NNW of West Valley City, Utah",earthquake,0.24,0.7,0.175,9,reviewed,uu,uu
2020-03-19T16:35:13.190Z,40.7776667,-112.0776667,8.2,1.55,ml,23,86,0.03764,0.18,uu,uu60366717,2020-03-20T02:38:30.293Z,"7km NNE of Magna, Utah",earthquake,0.33,0.86,0.051,3,reviewed,uu,uu
2020-03-19T16:12:25.880Z,40.7571667,-112.0546667,7.24,1.73,ml,31,47,0.03339,0.16,uu,uu60366702,2020-03-20T02:37:50.567Z,"6km NE of Magna, Utah",earthquake,0.24,0.83,0.146,6,reviewed,uu,uu
2020-03-19T14:30:24.760Z,40.7488333,-112.0601667,6.91,1.65,ml,28,66,0.02861,0.17,uu,uu60366652,2020-03-20T02:41:38.312Z,"5km NE of Magna, Utah",earthquake,0.28,0.74,0.139,5,reviewed,uu,uu
2020-03-19T14:19:51.940Z,40.7428333,-112.055,7.65,1.26,ml,22,55,0.02151,0.14,uu,uu60366647,2020-03-19T14:36:38.550Z,"5km NE of Magna, Utah",earthquake,0.27,0.61,0.291,3,reviewed,uu,uu
2020-03-19T14:16:53.590Z,40.7643333,-112.0746667,10.42,1.51,ml,26,60,0.03791,0.17,uu,uu60366642,2020-03-20T02:37:33.944Z,"6km NNE of Magna, Utah",earthquake,0.29,0.74,0.257,3,reviewed,uu,uu
2020-03-19T13:58:57.920Z,40.7456667,-112.065,8.19,2.38,ml,47,47,0.02897,0.21,uu,uu60366607,2020-03-20T02:41:16.648Z,"5km NE of Magna, Utah",earthquake,0.28,0.82,0.173,14,reviewed,uu,uu
2020-03-19T13:52:26.000Z,40.7466667,-112.0293333,9.07,2.86,ml,55,37,0.02032,0.21,uu,uu60366602,2020-03-23T03:14:21.975Z,"6km NNW of West Valley City, Utah",earthquake,0.23,0.6,0.152,18,reviewed,uu,uu
2020-03-19T13:24:01.080Z,40.7701667,-112.0698333,9.99,1.92,ml,35,52,0.03265,0.19,uu,uu60366567,2020-03-20T02:38:47.394Z,"7km NNE of Magna, Utah",earthquake,0.3,0.82,0.149,7,reviewed,uu,uu
2020-03-19T13:22:10.320Z,40.7406667,-112.037,9.62,1.22,ml,14,54,0.06489,0.1,uu,uu60366562,2020-03-20T17:05:46.330Z,"6km NNW of West Valley City, Utah",earthquake,0.27,0.99,0.079,3,reviewed,uu,uu
2020-03-19T13:07:52.010Z,40.7758333,-112.0746667,9.74,1.51,ml,28,61,0.03543,0.15,uu,uu60366537,2020-03-19T16:37:55.406Z,"7km NNE of Magna, Utah",earthquake,0.28,0.71,0.104,4,reviewed,uu,uu
2020-03-19T13:05:58.060Z,40.741,-112.092,4.34,1.3,ml,13,91,0.05523,0.1,uu,uu60366532,2020-03-19T20:26:57.870Z,"3km NNE of Magna, Utah",earthquake,0.34,1.23,0.111,2,reviewed,uu,uu
2020-03-19T12:45:03.580Z,40.7351667,-112.0371667,8.85,3.09,ml,16,53,0.008266,0.15,uu,uu60020349,2020-03-23T02:46:18.983Z,"5km NNW of West Valley City, Utah",earthquake,0.32,0.53,0.126,3,reviewed,uu,uu
2020-03-19T12:44:47.750Z,40.745,-112.0388333,9.32,3.22,ml,69,38,0.01817,0.19,uu,uu60366502,2020-03-23T03:17:14.403Z,"6km NNW of West Valley City, Utah",earthquake,0.22,0.54,0.214,19,reviewed,uu,uu
2020-03-19T12:33:15.740Z,40.7426667,-112.0653333,8.84,2.25,ml,51,46,0.02734,0.18,uu,uu60366497,2020-03-21T16:22:10.362Z,"4km NE of Magna, Utah",earthquake,0.24,0.63,0.169,12,reviewed,uu,uu
2020-03-19T11:50:18.310Z,40.7443333,-112.0373333,7.32,1.49,ml,25,50,0.0174,0.21,uu,uu60366462,2020-03-19T17:17:07.700Z,"6km NNW of West Valley City, Utah",earthquake,0.33,0.78,0.105,2,reviewed,uu,uu
2020-03-19T11:10:01.290Z,40.7348333,-112.0948333,9.63,1.27,md,25,60,0.04549,0.18,uu,uu60366422,2020-03-19T18:48:17.860Z,"2km NNE of Magna, Utah",earthquake,0.35,0.74,0.282,15,reviewed,uu,uu
2020-03-19T10:55:54.120Z,40.7345,-112.0703333,8.3,1.58,ml,28,52,0.02725,0.21,uu,uu60366412,2020-03-19T18:18:57.760Z,"3km NE of Magna, Utah",earthquake,0.34,0.82,0.256,3,reviewed,uu,uu
2020-03-19T09:31:42.810Z,40.7433333,-112.0291667,9.12,1.62,ml,35,41,0.01714,0.21,uu,uu60366322,2020-03-20T02:46:22.816Z,"6km NNW of West Valley City, Utah",earthquake,0.28,0.73,0.212,3,reviewed,uu,uu
2020-03-19T09:23:02.890Z,40.7326667,-112.0276667,7.34,1.55,ml,31,47,0.00846,0.26,uu,uu60366312,2020-03-20T02:46:49.458Z,"5km NNW of West Valley City, Utah",earthquake,0.43,0.97,0.113,3,reviewed,uu,uu
2020-03-19T09:12:29.570Z,40.7391667,-112.0326667,8.67,2.28,ml,58,36,0.01245,0.2,uu,uu60366297,2020-03-19T22:54:33.040Z,"5km NNW of West Valley City, Utah",earthquake,0.25,0.62,0.093,11,reviewed,uu,uu
2020-03-19T09:12:08.230Z,40.7296667,-112.0721667,9.66,1.32,ml,17,56,0.05875,0.14,uu,uu60366292,2020-03-19T13:56:42.930Z,"3km NE of Magna, Utah",earthquake,0.36,1.03,0.364,3,reviewed,uu,uu
2020-03-19T07:40:46.110Z,40.7493333,-112.0426667,7.98,1.73,ml,39,45,0.02295,0.21,uu,uu60366197,2020-03-19T21:07:44.196Z,"6km NE of Magna, Utah",earthquake,0.25,0.63,0.122,9,reviewed,uu,uu
2020-03-19T07:22:07.680Z,40.7258333,-112.0943333,11,1.45,ml,17,85,0.04055,0.1,uu,uu60366157,2020-03-19T21:13:33.470Z,"1km NNE of Magna, Utah",earthquake,0.35,0.64,0.24,3,reviewed,uu,uu
2020-03-19T07:13:06.283Z,40.7526,-112.0405,10.16,1.2,ml,,70,0.228,0.33,us,us70008c0h,2020-03-19T22:00:01.040Z,"7km NNW of West Valley City, Utah",earthquake,1.4,8,0.085,18,reviewed,us,us
2020-03-19T06:41:01.740Z,40.7618333,-112.0676667,8.34,1.68,ml,35,51,0.03412,0.22,uu,uu60366112,2020-03-20T02:52:59.045Z,"6km NNE of Magna, Utah",earthquake,0.33,0.76,0.163,7,reviewed,uu,uu
2020-03-19T06:10:30.860Z,40.7716667,-112.0776667,9.69,1.8,ml,38,54,0.03817,0.19,uu,uu60366077,2020-03-20T02:34:51.122Z,"7km NNE of Magna, Utah",earthquake,0.29,0.74,0.077,9,reviewed,uu,uu
2020-03-19T05:41:40.540Z,40.779,-112.073,9.76,1.47,ml,32,55,0.03411,0.2,uu,uu60366017,2020-03-19T22:32:09.080Z,"8km NNE of Magna, Utah",earthquake,0.31,0.82,0.074,3,reviewed,uu,uu
2020-03-19T05:04:54.050Z,40.738,-112.0765,8.98,1.89,ml,31,47,0.03278,0.18,uu,uu60020279,2020-03-19T13:30:20.200Z,"3km NNE of Magna, Utah",earthquake,0.34,0.7,0.135,5,reviewed,uu,uu
2020-03-19T05:04:06.620Z,40.7301667,-112.0618333,9.57,2.21,ml,28,52,0.01998,0.11,uu,uu60365977,2020-03-20T02:42:41.198Z,"4km NE of Magna, Utah",earthquake,0.24,0.51,0.138,11,reviewed,uu,uu
2020-03-19T04:21:12.510Z,40.7403333,-112.069,8.42,2.05,ml,11,86,0.01489,0.18,uu,uu60365907,2020-03-20T16:07:28.159Z,"4km NE of Magna, Utah",earthquake,0.75,0.84,0.102,11,reviewed,uu,uu
2020-03-19T04:20:32.530Z,40.7535,-112.065,9.76,1.03,ml,19,54,0.03454,0.11,uu,uu60365902,2020-03-20T17:05:04.240Z,"5km NNE of Magna, Utah",earthquake,0.27,0.57,0.197,3,reviewed,uu,uu
2020-03-19T04:13:36.160Z,40.7625,-112.0706667,8.8,1.71,ml,37,51,0.03585,0.21,uu,uu60365892,2020-03-20T16:07:45.292Z,"6km NNE of Magna, Utah",earthquake,0.29,0.83,0.174,4,reviewed,uu,uu
2020-03-19T03:58:53.410Z,40.7475,-112.0456667,8.9,1.94,ml,38,45,0.02183,0.24,uu,uu60365862,2020-03-19T19:23:18.463Z,"6km NE of Magna, Utah",earthquake,0.32,0.81,0.124,8,reviewed,uu,uu
2020-03-19T03:56:51.050Z,40.7416667,-112.0648333,8.81,1.05,ml,12,106,0.02646,0.09,uu,uu60365857,2020-03-22T19:24:51.390Z,"4km NE of Magna, Utah",earthquake,0.35,0.61,0.341,3,reviewed,uu,uu
2020-03-19T03:34:14.320Z,40.774,-112.0735,9.04,1.13,ml,18,101,0.0208,0.15,uu,uu60365822,2020-03-20T18:36:21.050Z,"7km NNE of Magna, Utah",earthquake,0.35,0.7,0.02,2,reviewed,uu,uu
2020-03-19T03:29:20.030Z,40.7488333,-112.041,8.16,1.81,ml,32,52,0.0222,0.19,uu,uu60365812,2020-03-20T02:50:27.184Z,"6km NE of Magna, Utah",earthquake,0.27,0.72,0.118,9,reviewed,uu,uu
2020-03-19T02:53:09.140Z,40.7581667,-112.0681667,9.19,1.67,ml,15,79,0.008951,0.13,uu,uu60365752,2020-03-22T19:24:09.360Z,"6km NNE of Magna, Utah",earthquake,0.35,0.66,0.236,4,reviewed,uu,uu
2020-03-19T02:52:34.630Z,40.7696667,-112.0873333,8.56,1.8,ml,32,56,0.04575,0.18,uu,uu60365747,2020-03-20T02:50:06.804Z,"6km N of Magna, Utah",earthquake,0.26,0.7,0.171,6,reviewed,uu,uu
2020-03-19T02:49:31.570Z,40.7593333,-112.078,5.41,1.33,ml,21,61,0.04224,0.22,uu,uu60365742,2020-03-19T22:13:00.620Z,"5km NNE of Magna, Utah",earthquake,0.35,1.23,0.182,2,reviewed,uu,uu
2020-03-19T02:42:25.880Z,40.7741667,-112.0613333,2.78,2.08,ml,36,52,0.1217,0.2,uu,uu60365727,2020-03-19T14:03:16.936Z,"7km NNE of Magna, Utah",earthquake,0.28,2.72,0.108,12,reviewed,uu,uu
2020-03-19T02:41:21.000Z,40.7555,-112.0791667,8.29,1.55,ml,27,53,0.04353,0.22,uu,uu60365722,2020-03-19T20:10:09.500Z,"5km NNE of Magna, Utah",earthquake,0.38,1,0.089,6,reviewed,uu,uu
2020-03-19T02:34:19.750Z,40.7488333,-112.0656667,8.91,2.96,ml,47,48,0.03147,0.16,uu,uu60365717,2020-03-23T03:22:58.462Z,"4km NNE of Magna, Utah",earthquake,0.24,0.51,0.223,19,reviewed,uu,uu
2020-03-19T01:54:58.090Z,40.7503333,-112.0368333,6.66,1.94,ml,28,56,0.108,0.16,uu,uu60365647,2020-03-19T20:23:57.763Z,"7km NNW of West Valley City, Utah",earthquake,0.31,1.32,0.049,10,reviewed,uu,uu
2020-03-19T01:53:48.220Z,40.7246667,-112.0816667,10.33,2.3,ml,23,88,0.03487,0.15,uu,uu60365642,2020-03-19T17:17:45.999Z,"2km NE of Magna, Utah",earthquake,0.31,0.69,0.128,12,reviewed,uu,uu
2020-03-19T00:44:47.420Z,40.7473333,-112.0418333,8.14,1.93,ml,39,44,0.02086,0.17,uu,uu60365512,2020-03-19T03:40:21.372Z,"6km NE of Magna, Utah",earthquake,0.24,0.62,0.102,10,reviewed,uu,uu
2020-03-19T00:26:26.190Z,40.7306667,-112.0465,9.23,1.74,ml,28,40,0.008884,0.19,uu,uu60365482,2020-03-21T22:43:01.917Z,"5km NW of West Valley City, Utah",earthquake,0.32,0.77,0.113,8,reviewed,uu,uu
2020-03-19T00:09:15.790Z,40.7423333,-112.0425,9.12,1.39,ml,23,55,0.01617,0.1,uu,uu60365457,2020-03-19T20:19:37.200Z,"6km NNW of West Valley City, Utah",earthquake,0.26,0.58,0.154,5,reviewed,uu,uu
2020-03-19T00:04:51.320Z,40.7335,-112.0665,9.42,1.68,ml,27,50,0.02417,0.12,uu,uu60365452,2020-03-19T08:07:30.634Z,"4km NE of Magna, Utah",earthquake,0.27,0.48,0.198,6,reviewed,uu,uu
2020-03-18T23:33:49.420Z,40.7556667,-112.0423333,7.74,1.98,ml,36,45,0.02479,0.22,uu,uu60365402,2020-03-19T15:17:26.580Z,"7km NNW of West Valley City, Utah",earthquake,0.29,0.78,0.163,12,reviewed,uu,uu
2020-03-18T23:15:13.110Z,40.7745,-112.0913333,10.72,2.25,ml,50,57,0.04815,0.18,uu,uu60365372,2020-03-19T15:22:28.910Z,"7km N of Magna, Utah",earthquake,0.25,0.66,0.119,13,reviewed,uu,uu
2020-03-18T23:00:35.770Z,40.7306667,-112.0465,9.42,1.9,ml,37,40,0.008884,0.21,uu,uu60365357,2020-03-20T20:14:54.624Z,"5km NW of West Valley City, Utah",earthquake,0.27,0.73,0.221,10,reviewed,uu,uu
2020-03-18T22:53:45.160Z,40.7738333,-112.0758333,8.54,1.58,ml,32,54,0.03649,0.22,uu,uu60365352,2020-03-22T19:23:26.400Z,"7km NNE of Magna, Utah",earthquake,0.32,0.91,0.113,3,reviewed,uu,uu
2020-03-18T22:46:29.030Z,40.7526667,-112.0835,9.69,2.13,ml,42,52,0.04438,0.23,uu,uu60365327,2020-03-19T03:36:40.503Z,"5km NNE of Magna, Utah",earthquake,0.29,0.77,0.117,10,reviewed,uu,uu
2020-03-18T22:43:45.490Z,40.7516667,-112.0328333,6.48,1.85,ml,31,51,0.0248,0.19,uu,uu60365317,2020-03-20T20:16:39.326Z,"7km NNW of West Valley City, Utah",earthquake,0.28,0.79,0.082,8,reviewed,uu,uu
2020-03-18T22:43:20.610Z,40.7751667,-112.1033333,8.37,1.47,ml,18,68,0.0572,0.21,uu,uu60365312,2020-03-22T01:07:27.980Z,"7km N of Magna, Utah",earthquake,0.43,1.15,0.338,4,reviewed,uu,uu
2020-03-18T22:27:53.580Z,40.75,-112.0291667,6.14,1.76,ml,33,42,0.02358,0.23,uu,uu60365277,2020-03-21T22:46:06.622Z,"6km NNW of West Valley City, Utah",earthquake,0.26,0.83,0.081,9,reviewed,uu,uu
2020-03-18T21:33:38.640Z,40.7538333,-112.0523333,5.86,1.83,ml,37,46,0.02962,0.17,uu,uu60365202,2020-03-20T22:19:47.702Z,"6km NE of Magna, Utah",earthquake,0.23,0.73,0.156,9,reviewed,uu,uu
2020-03-18T21:22:58.530Z,40.742,-112.0486667,9.2,2.81,ml,17,78,0.0179,0.11,uu,uu60365177,2020-03-19T14:10:57.654Z,"5km NE of Magna, Utah",earthquake,0.3,0.63,0.202,10,reviewed,uu,uu
2020-03-18T21:21:14.710Z,40.7423333,-112.0493333,6.95,1.21,ml,16,93,0.01846,0.14,uu,uu60365167,2020-03-21T16:18:24.460Z,"5km NE of Magna, Utah",earthquake,0.35,0.65,0.243,4,reviewed,uu,uu
2020-03-18T21:16:41.900Z,40.727,-112.0608333,8.97,1.33,ml,13,89,0.01896,0.13,uu,uu60365157,2020-03-21T16:17:41.370Z,"3km ENE of Magna, Utah",earthquake,0.42,0.77,0.204,4,reviewed,uu,uu
2020-03-18T21:11:10.860Z,40.7491667,-112.051,10.28,2.85,ml,51,46,0.02499,0.2,uu,uu60365152,2020-03-19T08:58:10.460Z,"6km NE of Magna, Utah",earthquake,0.31,0.63,0.204,21,reviewed,uu,uu
2020-03-18T21:10:54.050Z,40.7433333,-112.0383333,6.34,1.34,md,13,54,0.03549,0.15,uu,uu60365147,2020-03-19T13:05:22.845Z,"6km NNW of West Valley City, Utah",earthquake,0.38,0.79,0.134,6,reviewed,uu,uu
2020-03-18T21:01:43.730Z,40.7558333,-112.0488333,6.34,1.16,ml,11,99,0.1167,0.12,uu,uu60365127,2020-03-21T16:16:58.330Z,"6km NE of Magna, Utah",earthquake,0.36,1.6,0.201,4,reviewed,uu,uu
2020-03-18T20:45:35.000Z,40.7356667,-112.041,8.39,1.06,ml,10,104,0.1027,0.11,uu,uu60365092,2020-03-21T16:16:14.290Z,"5km NW of West Valley City, Utah",earthquake,0.41,1.65,0.283,2,reviewed,uu,uu
2020-03-18T20:42:53.030Z,40.7383333,-112.0513333,7.53,1.5,ml,15,90,0.1005,0.11,uu,uu60365087,2020-03-21T16:16:11.968Z,"5km NE of Magna, Utah",earthquake,0.31,1.12,0.186,4,reviewed,uu,uu
2020-03-18T20:28:02.500Z,40.7521667,-112.046,8.32,1.67,ml,35,46,0.02634,0.24,uu,uu60365052,2020-03-21T22:44:38.850Z,"6km NE of Magna, Utah",earthquake,0.31,0.86,0.067,7,reviewed,uu,uu
2020-03-18T20:20:14.460Z,40.7455,-112.0338333,8.26,1.77,ml,23,42,0.0186,0.11,uu,uu60365032,2020-03-20T22:46:19.039Z,"6km NNW of West Valley City, Utah",earthquake,0.27,0.47,0.081,8,reviewed,uu,uu
2020-03-18T20:05:02.780Z,40.7663333,-112.0668333,8.06,1.84,ml,31,52,0.03164,0.22,uu,uu60364987,2020-03-20T20:24:10.124Z,"7km NNE of Magna, Utah",earthquake,0.35,1.04,0.089,8,reviewed,uu,uu
2020-03-18T19:58:36.780Z,40.7546667,-112.0588333,8.33,2.2,ml,43,48,0.03272,0.18,uu,uu60364967,2020-03-19T03:29:31.306Z,"6km NE of Magna, Utah",earthquake,0.24,0.66,0.103,13,reviewed,uu,uu
2020-03-18T19:55:51.300Z,40.7483333,-112.046,9.92,2.14,ml,39,45,0.0227,0.23,uu,uu60364957,2020-03-18T22:50:11.140Z,"6km NE of Magna, Utah",earthquake,0.32,0.7,0.152,12,reviewed,uu,uu
2020-03-18T19:52:00.460Z,40.7615,-112.0426667,9.44,2.05,ml,22,104,0.01985,0.15,uu,uu60364952,2020-03-20T18:17:27.226Z,"7km NE of Magna, Utah",earthquake,0.45,0.33,0.142,10,reviewed,uu,uu
2020-03-18T19:46:13.280Z,40.7595,-112.0616667,7.1,1.58,ml,17,58,0.03149,0.2,uu,uu60364927,2020-03-22T19:22:42.350Z,"6km NNE of Magna, Utah",earthquake,0.43,0.97,0.208,3,reviewed,uu,uu
2020-03-18T19:44:12.140Z,40.7595,-112.0683333,5.75,1.81,ml,25,50,0.03571,0.27,uu,uu60364922,2020-03-21T22:43:54.750Z,"6km NNE of Magna, Utah",earthquake,0.4,1.27,0.2,3,reviewed,uu,uu
2020-03-18T19:40:12.300Z,40.7606667,-112.0593333,6.57,1.95,ml,39,49,0.02937,0.23,uu,uu60364912,2020-03-20T17:08:37.511Z,"6km NNE of Magna, Utah",earthquake,0.27,0.85,0.115,11,reviewed,uu,uu
2020-03-18T19:37:26.710Z,40.761,-112.063,8.18,2.31,ml,23,84,0.03148,0.24,uu,uu60364907,2020-03-20T17:04:10.868Z,"6km NNE of Magna, Utah",earthquake,0.56,1.16,0.117,10,reviewed,uu,uu
2020-03-18T19:35:37.570Z,40.7593333,-112.0518333,8.83,2.84,ml,42,56,0.02594,0.17,uu,uu60364902,2020-03-19T06:16:48.354Z,"7km NE of Magna, Utah",earthquake,0.29,0.61,0.231,20,reviewed,uu,uu
2020-03-18T19:31:32.160Z,40.7431667,-112.0923333,8.77,1.59,ml,19,95,0.04586,0.21,uu,uu60364892,2020-03-22T19:21:58.330Z,"3km NNE of Magna, Utah",earthquake,0.45,1.2,0.347,2,reviewed,uu,uu
2020-03-18T19:30:26.020Z,40.7575,-112.0513333,10.06,1.88,ml,36,47,0.02703,0.2,uu,uu60364887,2020-03-20T22:17:35.940Z,"6km NE of Magna, Utah",earthquake,0.28,0.76,0.144,9,reviewed,uu,uu
2020-03-18T19:22:40.230Z,40.7603333,-112.067,6.81,2.36,ml,45,50,0.03441,0.29,uu,uu60364862,2020-03-19T13:57:54.280Z,"6km NNE of Magna, Utah",earthquake,0.37,0.97,0.095,12,reviewed,uu,uu
2020-03-18T19:20:37.290Z,40.7513333,-112.0516667,8.81,2.63,ml,16,56,0.02715,0.11,uu,uu60020274,2020-03-18T22:10:00.040Z,"5km NE of Magna, Utah",earthquake,0.3,0.56,0.191,13,reviewed,uu,uu
2020-03-18T19:20:21.250Z,40.7535,-112.046,5.72,2.07,ml,20,51,0.02762,0.13,uu,uu60364857,2020-03-19T03:20:45.220Z,"6km NE of Magna, Utah",earthquake,0.34,0.51,0.14,6,reviewed,uu,uu
2020-03-18T19:18:52.460Z,40.7525,-112.0571667,6.6,1.64,ml,11,112,0.03022,0.14,uu,uu60020314,2020-03-19T17:32:39.840Z,"6km NE of Magna, Utah",earthquake,0.41,0.82,0.191,2,reviewed,uu,uu
2020-03-18T19:17:36.430Z,40.7353333,-112.0675,5.3,1.03,md,11,85,0.02545,0.24,uu,uu60364842,2020-03-19T16:58:45.210Z,"4km NE of Magna, Utah",earthquake,0.65,1.63,0.296,4,reviewed,uu,uu
2020-03-18T19:15:39.180Z,40.754,-112.0615,7.38,2.6,ml,20,56,0.1108,0.18,uu,uu60364837,2020-03-19T18:58:26.569Z,"6km NNE of Magna, Utah",earthquake,0.42,1.52,0.235,3,reviewed,uu,uu
2020-03-18T19:12:23.610Z,40.751,-112.059,10.65,4.57,mw,39,47,0.02976,0.21,uu,uu60364832,2020-03-23T04:17:06.722Z,"5km NE of Magna, Utah",earthquake,0.32,0.53,,12,reviewed,uu,uu
2020-03-18T19:11:36.900Z,40.7553333,-112.0483333,-0.12,1.81,ml,22,53,0.1164,0.15,uu,uu60364827,2020-03-23T01:46:47.437Z,"6km NE of Magna, Utah",earthquake,0.26,31.61,0.217,3,reviewed,uu,uu
2020-03-18T19:07:30.360Z,40.7583333,-112.0705,9.65,3.41,ml,58,50,0.03772,0.21,uu,uu60364822,2020-03-20T07:37:45.383Z,"5km NNE of Magna, Utah",earthquake,0.25,0.77,0.12,27,reviewed,uu,uu
2020-03-18T18:54:22.200Z,40.7645,-112.071,9.26,2.3,ml,26,60,0.118,0.13,uu,uu60364782,2020-03-19T03:15:42.948Z,"6km NNE of Magna, Utah",earthquake,0.26,1.03,0.21,13,reviewed,uu,uu
2020-03-18T18:38:47.810Z,40.7565,-112.0806667,10.59,1.32,ml,17,79,0.04534,0.19,uu,uu60364742,2020-03-22T19:34:36.410Z,"5km NNE of Magna, Utah",earthquake,0.38,1.12,0.205,3,reviewed,uu,uu
2020-03-18T18:30:44.730Z,40.7476667,-112.043,9.07,3.03,ml,33,44,0.1118,0.15,uu,uu60364732,2020-03-19T16:45:22.730Z,"6km NE of Magna, Utah",earthquake,0.27,0.89,0.186,23,reviewed,uu,uu
2020-03-18T18:30:20.460Z,40.7896652,-112.045166,12.55,2.82,ml,6,111,0.1222,0.27,uu,uu60364727,2020-03-19T03:12:47.920Z,"10km NNE of Magna, Utah",earthquake,2.3,1.77,0.3,26,automatic,uu,uu
2020-03-18T18:27:06.330Z,40.7608333,-112.0745,8.25,1.77,ml,30,51,0.03919,0.21,uu,uu60364722,2020-03-21T16:14:46.340Z,"6km NNE of Magna, Utah",earthquake,0.32,0.9,0.06,5,reviewed,uu,uu
2020-03-18T18:26:49.750Z,40.7475,-112.0358333,6.81,1.65,ml,10,77,0.02053,0.09,uu,uu60364712,2020-03-21T16:14:03.310Z,"6km NNW of West Valley City, Utah",earthquake,0.31,0.62,0.241,6,reviewed,uu,uu
2020-03-18T18:22:01.690Z,40.7735,-112.0971667,8.03,1.23,ml,11,98,0.05264,0.18,uu,uu60364692,2020-03-22T19:33:54.480Z,"7km N of Magna, Utah",earthquake,0.46,1.52,0.046,2,reviewed,uu,uu
2020-03-18T18:13:43.090Z,40.7671667,-112.0765,8.7,1.99,ml,34,54,0.03832,0.15,uu,uu60364672,2020-03-20T16:17:11.639Z,"6km NNE of Magna, Utah",earthquake,0.26,0.56,0.124,11,reviewed,uu,uu
2020-03-18T18:11:09.010Z,40.788,-112.073,9.84,1.96,ml,34,56,0.03553,0.21,uu,uu60364662,2020-03-20T22:17:34.078Z,"9km NNE of Magna, Utah",earthquake,0.28,0.87,0.198,6,reviewed,uu,uu
2020-03-18T18:04:13.920Z,40.7478333,-112.0413333,8.08,1.92,ml,30,45,0.02127,0.22,uu,uu60364657,2020-03-20T20:24:13.585Z,"6km NE of Magna, Utah",earthquake,0.28,0.83,0.129,12,reviewed,uu,uu
2020-03-18T17:57:37.480Z,40.7606667,-112.0561667,8.61,2.06,ml,38,49,0.02746,0.24,uu,uu60364642,2020-03-20T18:18:49.336Z,"6km NNE of Magna, Utah",earthquake,0.3,0.81,0.133,11,reviewed,uu,uu
2020-03-18T17:56:29.390Z,40.7696667,-112.0396667,9.21,1.51,ml,28,54,0.0121,0.17,uu,uu60364632,2020-03-22T19:33:12.340Z,"8km NE of Magna, Utah",earthquake,0.26,0.7,0.242,4,reviewed,uu,uu
2020-03-18T17:50:58.180Z,40.757,-112.0453333,7.61,2.02,ml,25,46,0.03087,0.11,uu,uu60364627,2020-03-20T18:19:06.077Z,"7km NE of Magna, Utah",earthquake,0.22,0.61,0.12,11,reviewed,uu,uu
2020-03-18T17:45:10.000Z,40.748,-112.0738333,8.79,1.38,md,13,72,0.04588,0.12,uu,uu60364597,2020-03-21T16:13:17.900Z,"4km NNE of Magna, Utah",earthquake,0.36,0.74,0.207,4,reviewed,uu,uu
2020-03-18T17:43:29.260Z,40.7558333,-112.051,8.72,2.33,ml,16,57,0.02816,0.09,uu,uu60364592,2020-03-19T03:28:51.725Z,"6km NE of Magna, Utah",earthquake,0.26,0.66,0.139,10,reviewed,uu,uu
2020-03-18T17:40:32.620Z,40.7415,-112.0795,8.25,1.68,ml,23,58,0.03619,0.21,uu,uu60364582,2020-03-21T22:43:09.700Z,"4km NNE of Magna, Utah",earthquake,0.31,0.96,0.079,4,reviewed,uu,uu
2020-03-18T17:37:06.820Z,40.7463333,-112.0341667,7.96,2.4,ml,27,43,0.01941,0.09,uu,uu60364577,2020-03-19T03:15:15.727Z,"6km NNW of West Valley City, Utah",earthquake,0.19,0.41,0.182,11,reviewed,uu,uu
2020-03-18T17:27:23.500Z,40.753,-112.051,6.36,1.64,ml,30,47,0.02845,0.26,uu,uu60364552,2020-03-22T19:33:19.724Z,"6km NE of Magna, Utah",earthquake,0.35,1.01,0.096,6,reviewed,uu,uu
2020-03-18T17:21:36.530Z,40.755,-112.0491667,6.31,1.58,ml,23,53,0.028,0.28,uu,uu60364522,2020-03-20T22:16:09.840Z,"6km NE of Magna, Utah",earthquake,0.5,1.13,0.46,3,reviewed,uu,uu
2020-03-18T17:20:42.050Z,40.7645,-112.0506667,6.53,1.94,ml,33,53,0.02181,0.21,uu,uu60364517,2020-03-20T17:04:19.022Z,"7km NE of Magna, Utah",earthquake,0.31,0.83,0.106,11,reviewed,uu,uu
2020-03-18T17:16:49.700Z,40.7541667,-112.0455,6.87,3.21,ml,36,45,0.1135,0.14,uu,uu60364512,2020-03-19T19:44:04.141Z,"7km NNE of Magna, Utah",earthquake,0.25,1.31,0.211,24,reviewed,uu,uu
2020-03-18T17:13:49.070Z,40.7606667,-112.0506667,2.85,2.62,ml,21,77,0.1203,0.21,uu,uu60364507,2020-03-19T03:14:19.377Z,"7km NNE of Magna, Utah",earthquake,0.34,2.86,0.121,9,reviewed,uu,uu
2020-03-18T17:13:35.930Z,40.7551667,-112.0556667,8.52,1.39,ml,17,57,0.03096,0.08,uu,uu60364502,2020-03-18T22:27:53.320Z,"6km NE of Magna, Utah",earthquake,0.26,0.54,0.377,2,reviewed,uu,uu
2020-03-18T17:11:39.790Z,40.7721667,-112.0513333,8.1,1.3,md,13,78,0.01858,0.09,uu,uu60364492,2020-03-22T19:31:47.240Z,"8km NNE of Magna, Utah",earthquake,0.27,0.8,0.248,4,reviewed,uu,uu
2020-03-18T17:08:17.810Z,40.7215,-112.1063333,8.56,2.33,ml,29,48,0.06975,0.15,uu,uu60364482,2020-03-19T03:45:57.369Z,"1km NNW of Magna, Utah",earthquake,0.29,0.91,0.052,15,reviewed,uu,uu
2020-03-18T17:04:06.900Z,40.7508333,-112.0376667,3.65,1.67,ml,22,51,0.1084,0.15,uu,uu60364477,2020-03-19T01:07:11.683Z,"7km NNW of West Valley City, Utah",earthquake,0.25,2.19,0.361,3,reviewed,uu,uu
2020-03-18T17:00:02.860Z,40.7515,-112.0603333,7.67,1.8,ml,20,56,0.03077,0.15,uu,uu60364462,2020-03-20T15:53:47.520Z,"5km NE of Magna, Utah",earthquake,0.35,0.73,0.102,7,reviewed,uu,uu
2020-03-18T16:59:02.570Z,40.7648333,-112.0558333,6.94,2.18,ml,38,50,0.02483,0.21,uu,uu60364457,2020-03-20T17:02:52.410Z,"7km NNE of Magna, Utah",earthquake,0.26,0.81,0.166,14,reviewed,uu,uu
2020-03-18T16:56:22.310Z,40.744,-112.0388333,6.39,1.67,ml,20,50,0.01718,0.17,uu,uu60364447,2020-03-21T22:49:43.440Z,"6km NNW of West Valley City, Utah",earthquake,0.29,0.75,0.191,4,reviewed,uu,uu
2020-03-18T16:54:57.680Z,40.76,-112.0626667,9.14,1.97,ml,20,49,0.03182,0.18,uu,uu60364437,2020-03-20T17:01:04.050Z,"6km NNE of Magna, Utah",earthquake,0.34,1.03,0.139,11,reviewed,uu,uu
2020-03-18T16:51:51.910Z,40.756,-112.0405,6,2.02,ml,33,53,0.02391,0.18,uu,uu60364432,2020-03-20T17:08:34.430Z,"7km NNW of West Valley City, Utah",earthquake,0.24,0.67,0.121,11,reviewed,uu,uu
2020-03-18T16:50:38.470Z,40.7441667,-112.0303333,6.3,2.17,ml,22,50,0.01771,0.19,uu,uu60364427,2020-03-20T16:32:35.520Z,"6km NNW of West Valley City, Utah",earthquake,0.4,1.11,0.172,12,reviewed,uu,uu
2020-03-18T16:50:15.120Z,40.757,-112.0601667,7.45,1.89,ml,22,56,0.03215,0.17,uu,uu60364422,2020-03-20T17:12:27.130Z,"6km NNE of Magna, Utah",earthquake,0.25,0.88,0.243,10,reviewed,uu,uu
2020-03-18T16:48:37.260Z,40.7536667,-112.0601667,7.2,1.85,ml,20,56,0.03245,0.17,uu,uu60364412,2020-03-20T20:23:14.260Z,"6km NE of Magna, Utah",earthquake,0.31,0.78,0.358,3,reviewed,uu,uu
2020-03-18T16:47:48.110Z,40.7538333,-112.0578333,5.35,2.54,ml,35,48,0.1118,0.19,uu,uu60364417,2020-03-19T03:46:26.481Z,"5km NNE of Magna, Utah",earthquake,0.27,0.91,0.165,10,reviewed,uu,uu
2020-03-18T16:46:15.900Z,40.7555,-112.0566667,6.67,1.83,ml,27,47,0.03124,0.14,uu,uu60364407,2020-03-20T20:21:03.080Z,"6km NE of Magna, Utah",earthquake,0.24,0.6,0.074,8,reviewed,uu,uu
2020-03-18T16:43:03.620Z,40.7598333,-112.0623333,7.78,2,ml,33,57,0.03171,0.22,uu,uu60364392,2020-03-20T20:20:10.110Z,"6km NNE of Magna, Utah",earthquake,0.36,0.77,0.089,11,reviewed,uu,uu
2020-03-18T16:42:49.310Z,40.7545,-112.0531667,8.75,1.33,ml,12,79,0.114,0.07,uu,uu60364397,2020-03-20T17:06:59.790Z,"6km NE of Magna, Utah",earthquake,0.31,1.55,0.673,3,reviewed,uu,uu
2020-03-18T16:41:56.540Z,40.748,-112.0336667,3.8,1.75,ml,21,73,0.0211,0.31,uu,uu60364382,2020-03-20T22:15:26.830Z,"6km NNW of West Valley City, Utah",earthquake,0.59,1.22,0.136,9,reviewed,uu,uu
2020-03-18T16:37:34.400Z,40.7546667,-112.0545,6.46,1.27,ml,21,57,0.03075,0.15,uu,uu60364377,2020-03-21T22:49:00.390Z,"6km NE of Magna, Utah",earthquake,0.25,0.72,0.361,2,reviewed,uu,uu
2020-03-18T16:36:40.460Z,40.7538333,-112.0465,6.85,2.05,ml,41,45,0.0279,0.2,uu,uu60364372,2020-03-20T17:12:50.190Z,"6km NE of Magna, Utah",earthquake,0.27,0.75,0.118,11,reviewed,uu,uu
2020-03-18T16:27:51.420Z,40.7451667,-112.0441667,5.85,1.97,ml,25,43,0.01926,0.35,uu,uu60364347,2020-03-20T17:13:24.238Z,"6km NNW of West Valley City, Utah",earthquake,0.54,1.26,0.073,9,reviewed,uu,uu
2020-03-18T16:24:37.820Z,40.7641667,-112.0668333,5.69,1.74,ml,37,51,0.0325,0.23,uu,uu60364332,2020-03-20T22:21:39.856Z,"6km NNE of Magna, Utah",earthquake,0.32,0.82,0.139,6,reviewed,uu,uu
2020-03-18T16:21:21.750Z,40.732,-112.0781667,8.58,1.8,ml,37,45,0.03253,0.22,uu,uu60364322,2020-03-20T22:21:18.188Z,"3km NE of Magna, Utah",earthquake,0.28,0.89,0.109,8,reviewed,uu,uu
2020-03-18T16:15:33.920Z,40.7696667,-112.0711667,5.13,1.6,ml,27,53,0.03375,0.24,uu,uu60364307,2020-03-22T19:31:05.220Z,"7km NNE of Magna, Utah",earthquake,0.33,1.29,0.121,4,reviewed,uu,uu
2020-03-18T16:14:46.620Z,40.7446667,-112.0728333,7.34,1.53,ml,15,77,0.0989,0.08,uu,uu60364302,2020-03-21T16:13:22.530Z,"4km NNE of Magna, Utah",earthquake,0.28,1.13,0.135,4,reviewed,uu,uu
2020-03-18T16:13:07.600Z,40.7265,-112.0858333,7.89,1.4,ml,10,103,0.07844,0.14,uu,uu60364287,2020-03-21T16:11:35.100Z,"2km NE of Magna, Utah",earthquake,0.41,1.47,0.129,4,reviewed,uu,uu
2020-03-18T16:12:28.320Z,40.7606667,-112.0928333,9.75,1.65,ml,29,55,0.05213,0.19,uu,uu60364297,2020-03-21T22:49:01.929Z,"5km N of Magna, Utah",earthquake,0.32,0.85,0.13,5,reviewed,uu,uu
2020-03-18T16:10:07.900Z,40.7473333,-112.0508333,7.25,1.46,ml,19,95,0.02332,0.11,uu,uu60364282,2020-03-21T22:47:36.320Z,"6km NE of Magna, Utah",earthquake,0.28,0.92,0.631,3,reviewed,uu,uu
2020-03-18T16:02:40.320Z,40.7603333,-112.0513333,8.13,2.05,ml,32,48,0.02496,0.19,uu,uu60364267,2020-03-20T17:11:07.184Z,"7km NE of Magna, Utah",earthquake,0.3,0.82,0.162,11,reviewed,uu,uu
2020-03-18T15:59:22.660Z,40.7756667,-112.0715,7.13,1.46,ml,13,90,0.03304,0.15,uu,uu60364252,2020-03-20T22:19:45.420Z,"7km NNE of Magna, Utah",earthquake,0.31,0.97,0.087,2,reviewed,uu,uu
2020-03-18T15:58:29.220Z,40.7501667,-112.0346667,9.31,2.48,ml,19,51,0.02321,0.12,uu,uu60364257,2020-03-19T16:05:07.764Z,"5km NE of Magna, Utah",earthquake,0.32,0.65,0.096,12,reviewed,uu,uu
2020-03-18T15:54:12.900Z,40.7575,-112.0655,6.4,1.65,ml,23,57,0.03792,0.18,uu,uu60364242,2020-03-20T17:09:51.990Z,"6km NNE of Magna, Utah",earthquake,0.28,1.01,0.292,3,reviewed,uu,uu
2020-03-18T15:53:40.510Z,40.7695,-112.0553333,6.9,1.68,ml,20,57,0.02236,0.12,uu,uu60364237,2020-03-22T01:06:45.930Z,"7km NNE of Magna, Utah",earthquake,0.33,0.66,0.332,3,reviewed,uu,uu
2020-03-18T15:51:43.950Z,40.7311667,-112.0765,9.04,1.78,ml,19,56,0.04531,0.14,uu,uu60364232,2020-03-20T20:19:26.970Z,"3km NE of Magna, Utah",earthquake,0.32,1.09,0.409,3,reviewed,uu,uu
2020-03-18T15:50:38.110Z,40.7445,-112.043,4.02,1.87,ml,15,73,0.1091,0.14,uu,uu60364227,2020-03-20T15:45:44.220Z,"6km NNW of West Valley City, Utah",earthquake,0.45,2.69,0.112,7,reviewed,uu,uu
2020-03-18T15:50:28.170Z,40.7775,-112.097,8.78,1.76,ml,15,71,0.05233,0.19,uu,uu60364222,2020-03-20T20:20:01.002Z,"7km N of Magna, Utah",earthquake,0.54,1.16,0.177,7,reviewed,uu,uu
2020-03-18T15:49:31.230Z,40.7671667,-112.0818333,9.69,2.02,ml,27,55,0.04222,0.11,uu,uu60364217,2020-03-19T22:35:46.560Z,"6km NNE of Magna, Utah",earthquake,0.23,0.47,0.139,9,reviewed,uu,uu
2020-03-18T15:47:40.550Z,40.7521667,-112.0513333,8.94,2.61,ml,17,79,0.1125,0.19,uu,uu60364212,2020-03-19T02:50:20.608Z,"6km NNW of West Valley City, Utah",earthquake,0.45,1.27,0.134,9,reviewed,uu,uu
2020-03-18T15:46:56.000Z,40.753,-112.0508333,9.33,2.61,ml,26,70,0.1135,0.19,uu,uu60364207,2020-03-19T15:18:19.636Z,"6km NNE of Magna, Utah",earthquake,0.43,0.64,0.1,10,reviewed,uu,uu
2020-03-18T15:46:44.480Z,40.751,-112.055,8.8,1.57,ml,11,81,0.02808,0.12,uu,uu60364202,2020-03-18T23:56:59.122Z,"6km NE of Magna, Utah",earthquake,0.46,0.87,0.189,2,reviewed,uu,uu
2020-03-18T15:45:13.200Z,40.7621667,-112.085,6.18,1.59,ml,25,54,0.04602,0.26,uu,uu60364197,2020-03-22T19:30:23.190Z,"6km NNE of Magna, Utah",earthquake,0.57,1.43,0.033,6,reviewed,uu,uu
2020-03-18T15:39:24.730Z,40.7533333,-112.0495,7.9,2.71,ml,32,48,0.02832,0.18,uu,uu60364182,2020-03-19T02:50:56.718Z,"5km NE of Magna, Utah",earthquake,0.31,0.62,0.133,9,reviewed,uu,uu
2020-03-18T15:37:50.370Z,40.7781667,-112.0796667,8.01,1.59,ml,29,56,0.03916,0.24,uu,uu60364177,2020-03-22T19:29:41.140Z,"7km NNE of Magna, Utah",earthquake,0.37,1.15,0.151,4,reviewed,uu,uu
2020-03-18T15:32:18.600Z,40.7485,-112.064,7.34,1.7,ml,34,52,0.03033,0.22,uu,uu60364162,2020-03-21T22:46:53.290Z,"5km NE of Magna, Utah",earthquake,0.29,0.89,0.102,7,reviewed,uu,uu
2020-03-18T15:30:18.960Z,40.7821667,-112.0635,9.31,2.03,ml,28,54,0.0272,0.1,uu,uu60364157,2020-03-19T22:22:50.890Z,"8km NNE of Magna, Utah",earthquake,0.23,0.43,0.106,10,reviewed,uu,uu
2020-03-18T15:29:38.370Z,40.7323333,-112.077,9.22,1.74,ml,26,45,0.03171,0.17,uu,uu60364152,2020-03-20T22:26:38.400Z,"3km NE of Magna, Utah",earthquake,0.34,0.64,0.1,5,reviewed,uu,uu
2020-03-18T15:28:54.400Z,40.7611667,-112.0583333,7.7,1.81,ml,31,49,0.02846,0.17,uu,uu60364147,2020-03-20T20:18:01.950Z,"6km NNE of Magna, Utah",earthquake,0.25,0.8,0.138,7,reviewed,uu,uu
2020-03-18T15:28:16.550Z,40.7515,-112.0518333,6.63,1.59,ml,21,55,0.02736,0.19,uu,uu60364137,2020-03-20T22:19:03.370Z,"6km NE of Magna, Utah",earthquake,0.38,0.88,0.397,4,reviewed,uu,uu
2020-03-18T15:24:25.950Z,40.7638333,-112.0558333,7.91,2.36,ml,29,56,0.02538,0.2,uu,uu60364122,2020-03-18T23:57:13.615Z,"7km NNE of Magna, Utah",earthquake,0.34,0.73,0.241,7,reviewed,uu,uu
2020-03-18T15:23:45.080Z,40.7848333,-112.1018333,8.55,2.3,ml,22,69,0.05641,0.24,uu,uu60364117,2020-03-18T23:56:47.730Z,"8km N of Magna, Utah",earthquake,0.44,1,0.229,4,reviewed,uu,uu
2020-03-18T15:19:50.160Z,40.7435,-112.0388333,8.4,1.99,ml,23,50,0.01668,0.17,uu,uu60364107,2020-03-20T18:37:47.810Z,"6km NNW of West Valley City, Utah",earthquake,0.31,0.75,0.08,9,reviewed,uu,uu
2020-03-18T15:19:30.900Z,40.777,-112.0613333,9.45,1.3,ml,16,58,0.02526,0.08,uu,uu60364102,2020-03-19T22:11:25.630Z,"8km NNE of Magna, Utah",earthquake,0.33,0.51,0.116,3,reviewed,uu,uu
2020-03-18T15:15:07.000Z,40.7578333,-112.062,6.83,1.98,md,19,57,0.03269,0.17,uu,uu60364087,2020-03-18T22:21:35.270Z,"6km NNE of Magna, Utah",earthquake,0.38,0.79,0.393,10,reviewed,uu,uu
2020-03-18T15:12:26.150Z,40.7505,-112.0568333,7.05,1.84,ml,23,57,0.02841,0.19,uu,uu60364082,2020-03-21T22:46:09.230Z,"5km NE of Magna, Utah",earthquake,0.33,0.96,0.1,9,reviewed,uu,uu
2020-03-18T15:10:49.350Z,40.7496667,-112.0431667,9.68,2.34,ml,43,45,0.02336,0.18,uu,uu60364077,2020-03-19T03:39:33.003Z,"6km NE of Magna, Utah",earthquake,0.24,0.6,0.105,11,reviewed,uu,uu
2020-03-18T15:09:43.010Z,40.7378333,-112.0615,8.43,2.17,ml,25,54,0.09627,0.11,uu,uu60364072,2020-03-18T23:56:44.585Z,"4km NE of Magna, Utah",earthquake,0.24,0.9,0.122,12,reviewed,uu,uu
2020-03-18T15:02:28.870Z,40.7415,-112.0593333,8.51,2.04,ml,22,52,0.023,0.07,uu,uu60364047,2020-03-19T22:02:37.090Z,"5km NE of Magna, Utah",earthquake,0.27,0.47,0.119,10,reviewed,uu,uu
2020-03-18T15:00:45.870Z,40.7523333,-112.0455,5.85,2.54,ml,14,88,0.1148,0.17,uu,uu60364042,2020-03-19T15:28:21.248Z,"6km NE of Magna, Utah",earthquake,0.41,1.82,0.224,4,reviewed,uu,uu
2020-03-18T15:00:26.750Z,40.7501667,-112.04,8.53,2.01,ml,14,75,0.0234,0.18,uu,uu60020329,2020-03-19T21:48:59.610Z,"6km NE of Magna, Utah",earthquake,0.44,0.85,0.187,2,reviewed,uu,uu
2020-03-18T15:00:16.690Z,40.7471667,-112.048,7.92,1.68,ml,17,52,0.0222,0.1,uu,uu60364037,2020-03-19T21:41:22.670Z,"6km NE of Magna, Utah",earthquake,0.27,0.58,0.142,2,reviewed,uu,uu
2020-03-18T14:57:41.430Z,40.7551667,-112.0468333,8.32,3.56,ml,32,46,0.02688,0.17,uu,uu60364032,2020-03-20T14:08:46.795Z,"5km NNE of Magna, Utah",earthquake,0.32,0.78,0.206,14,reviewed,uu,uu
2020-03-18T14:52:40.380Z,40.7501667,-112.0531667,7.64,2.53,ml,22,54,0.1101,0.17,uu,uu60364022,2020-03-20T07:25:55.040Z,"5km NE of Magna, Utah",earthquake,0.33,1.19,0.202,16,reviewed,uu,uu
2020-03-18T14:51:47.810Z,40.7356667,-112.0596667,2.88,1.47,md,10,102,0.09503,0.12,uu,uu60364017,2020-03-19T20:18:53.530Z,"4km NE of Magna, Utah",earthquake,0.67,4.5,0.28,7,reviewed,uu,uu
2020-03-18T14:50:55.910Z,40.7533333,-112.066,9.54,1.12,ml,10,76,0.1089,0.06,uu,uu60364012,2020-03-19T20:17:24.880Z,"5km NNE of Magna, Utah",earthquake,0.35,1.66,0.254,2,reviewed,uu,uu
2020-03-18T14:47:33.840Z,40.766,-112.0785,4.84,1.77,ml,9,116,0.1178,0.07,uu,uu60364007,2020-03-19T20:16:25.890Z,"6km NNE of Magna, Utah",earthquake,0.39,1.97,0.211,2,reviewed,uu,uu
2020-03-18T14:46:17.640Z,40.7638333,-112.0573333,8.95,2.66,ml,35,49,0.1209,0.18,uu,uu60364002,2020-03-20T07:23:33.040Z,"6km NE of Magna, Utah",earthquake,0.31,0.64,0.209,16,reviewed,uu,uu
2020-03-18T14:46:06.150Z,40.7571667,-112.0645,8.37,1.51,ml,15,78,0.0346,0.1,uu,uu60363997,2020-03-20T18:37:51.750Z,"6km NNE of Magna, Utah",earthquake,0.3,0.53,0.352,2,reviewed,uu,uu
2020-03-18T14:45:44.280Z,40.7168333,-112.0773333,9,1.53,ml,7,123,0.07211,0.07,uu,uu60363992,2020-03-19T20:13:20.430Z,"2km ENE of Magna, Utah",earthquake,0.63,1.69,0.583,3,reviewed,uu,uu
2020-03-18T14:44:27.740Z,40.7265,-112.0933333,10.13,1.28,ml,7,102,0.07672,0.07,uu,uu60363987,2020-03-19T20:12:37.420Z,"2km NNE of Magna, Utah",earthquake,0.53,1.78,0.276,2,reviewed,uu,uu
2020-03-18T14:43:27.300Z,40.73,-112.0818333,8.33,1.62,ml,13,89,0.08277,0.1,uu,uu60363982,2020-03-19T20:11:40.460Z,"2km NE of Magna, Utah",earthquake,0.36,1,0.131,2,reviewed,uu,uu
2020-03-18T14:41:58.730Z,40.762,-112.0523333,7.79,2.23,ml,26,53,0.121,0.12,uu,uu60363977,2020-03-18T19:57:56.710Z,"7km NE of Magna, Utah",earthquake,0.25,0.97,0.179,13,reviewed,uu,uu
2020-03-18T14:38:56.230Z,40.767,-112.0663333,9.04,1.29,ml,10,93,0.1215,0.03,uu,uu60363967,2020-03-19T20:09:26.580Z,"7km NNE of Magna, Utah",earthquake,0.37,1.26,0.092,2,reviewed,uu,uu
2020-03-18T14:38:10.410Z,40.7641667,-112.0623333,5.56,1.61,ml,13,97,0.1199,0.1,uu,uu60363962,2020-03-19T20:08:27.550Z,"6km NNE of Magna, Utah",earthquake,0.39,2.09,0.156,4,reviewed,uu,uu
2020-03-18T14:36:26.810Z,40.7563333,-112.0598333,4.91,1.52,ml,14,58,0.1135,0.06,uu,uu60363957,2020-03-19T20:11:51.697Z,"6km NE of Magna, Utah",earthquake,0.3,1.77,0.299,3,reviewed,uu,uu
2020-03-18T14:35:27.880Z,40.747,-112.0133333,3.3,1.54,ml,10,78,0.1246,0.24,uu,uu60363952,2020-03-19T20:13:28.935Z,"6km N of West Valley City, Utah",earthquake,0.81,6.27,0.451,2,reviewed,uu,uu
2020-03-18T14:33:53.150Z,40.743,-112.0761667,8.63,2.85,ml,27,48,0.09644,0.17,uu,uu60363947,2020-03-20T06:59:12.040Z,"4km N of Magna, Utah",earthquake,0.29,1.22,0.212,18,reviewed,uu,uu
2020-03-18T14:28:49.590Z,40.7448333,-112.093,6.19,1.58,ml,9,113,0.09455,0.13,uu,uu60363927,2020-03-18T19:56:20.100Z,"4km N of Magna, Utah",earthquake,0.63,3.22,0.049,2,reviewed,uu,uu
2020-03-18T14:26:33.530Z,40.7525,-112.0503333,7.19,1,ml,7,115,0.1132,0.04,uu,uu60363912,2020-03-18T19:54:54.990Z,"6km NE of Magna, Utah",earthquake,0.48,2.69,0.391,2,reviewed,uu,uu
2020-03-18T14:22:22.780Z,40.7408333,-112.032,2.13,2.09,ml,9,77,0.1109,0.16,uu,uu60363897,2020-03-18T19:53:58.960Z,"6km NNW of West Valley City, Utah",earthquake,0.66,5.6,0.081,6,reviewed,uu,uu
2020-03-18T14:21:55.060Z,40.7596667,-112.0721667,6.47,2.13,ml,20,51,0.1131,0.11,uu,uu60363892,2020-03-19T02:17:56.716Z,"6km NNE of Magna, Utah",earthquake,0.29,1.5,0.062,8,reviewed,uu,uu
2020-03-18T14:21:27.710Z,40.7528333,-112.0411667,6.09,1.72,ml,14,82,0.1169,0.08,uu,uu60363887,2020-03-18T23:57:57.084Z,"7km NNW of West Valley City, Utah",earthquake,0.52,2.25,0.215,5,reviewed,uu,uu
2020-03-18T14:20:47.600Z,40.78,-112.0728333,5.88,1.66,ml,18,66,0.1113,0.09,uu,uu60363882,2020-03-18T23:58:17.495Z,"8km NNE of Magna, Utah",earthquake,0.39,1.06,0.077,4,reviewed,uu,uu
2020-03-18T14:20:00.860Z,40.7325,-112.0871667,10.28,1.58,ml,8,97,0.0838,0.05,uu,uu60363872,2020-03-18T23:57:44.987Z,"2km NNE of Magna, Utah",earthquake,0.51,1.6,0.291,3,reviewed,uu,uu
2020-03-18T14:19:35.870Z,40.7615,-112.0441667,5.89,1.65,ml,14,76,0.1233,0.12,uu,uu60363877,2020-03-18T23:58:00.298Z,"7km NE of Magna, Utah",earthquake,0.53,2.27,0.083,5,reviewed,uu,uu
2020-03-18T14:18:58.930Z,40.787,-112.0883333,2.23,1.33,ml,7,124,0.09793,0.3,uu,uu60363867,2020-03-18T19:49:25.690Z,"8km N of Magna, Utah",earthquake,1.09,13.27,0.15,2,reviewed,uu,uu
2020-03-18T14:17:01.880Z,40.7616667,-112.046,4.05,1.77,ml,18,53,0.1228,0.11,uu,uu60363862,2020-03-18T23:56:55.869Z,"7km NE of Magna, Utah",earthquake,0.29,2.1,0.138,4,reviewed,uu,uu
2020-03-18T14:16:10.590Z,40.7495,-112.0413333,1.07,1.62,ml,12,96,0.114,0.12,uu,uu60363857,2020-03-18T19:48:00.710Z,"6km NE of Magna, Utah",earthquake,0.44,6.33,0.185,3,reviewed,uu,uu
2020-03-18T14:15:04.300Z,40.7596667,-112.0646667,7.29,1.85,ml,11,85,0.1151,0.06,uu,uu60363852,2020-03-18T23:57:28.057Z,"6km NNE of Magna, Utah",earthquake,0.45,1.92,0.071,7,reviewed,uu,uu
2020-03-18T14:13:10.760Z,40.762,-112.0526667,5.68,2.01,ml,20,48,0.1209,0.14,uu,uu60363847,2020-03-18T23:57:19.292Z,"7km NE of Magna, Utah",earthquake,0.32,1.73,0.135,8,reviewed,uu,uu
2020-03-18T14:10:52.730Z,40.7713333,-112.0573333,6.6,2.72,ml,31,50,0.1203,0.14,uu,uu60363842,2020-03-20T06:49:53.040Z,"6km NNE of Magna, Utah",earthquake,0.31,1.36,0.089,13,reviewed,uu,uu
2020-03-18T14:07:53.300Z,40.7491667,-112.0811667,7.65,2.98,ml,28,59,0.1011,0.16,uu,uu60363837,2020-03-20T06:15:23.040Z,"5km NNE of Magna, Utah",earthquake,0.42,1.43,0.078,12,reviewed,uu,uu
2020-03-18T14:06:12.420Z,40.7303333,-112.0815,8.11,3.43,ml,37,46,0.08317,0.17,uu,uu60363832,2020-03-19T03:51:22.351Z,"0km N of Magna, Utah",earthquake,0.3,1.05,0.125,12,reviewed,uu,uu
2020-03-18T14:05:04.740Z,40.7551667,-112.0691667,7.6,3.35,ml,34,50,0.1097,0.15,uu,uu60363827,2020-03-21T20:02:34.013Z,"4km NNE of Magna, Utah",earthquake,0.23,0.42,0.125,7,reviewed,uu,uu
2020-03-18T14:02:12.830Z,40.7605,-112.0693333,9.07,4.59,mw,21,58,0.03587,0.19,uu,uu60363822,2020-03-23T04:18:36.294Z,"7km NNE of Magna, Utah",earthquake,0.39,0.8,,17,reviewed,uu,uu
2020-03-18T14:01:04.135Z,40.7139,-112.1037,10,2.7,ml,,37,0.062,0.38,us,us60008ht3,2020-03-19T14:02:28.008Z,"0km NNW of Magna, Utah",earthquake,1.1,2,0.06,37,reviewed,us,us
2020-03-18T14:00:19.160Z,40.7758333,-112.0858333,6.17,1.67,ml,11,101,0.1072,0.13,uu,uu60363802,2020-03-19T20:06:18.670Z,"7km N of Magna, Utah",earthquake,0.56,1.86,0.142,5,reviewed,uu,uu
2020-03-18T13:59:30.740Z,40.7041667,-112.0971667,9.98,1.64,ml,14,119,0.02088,0.19,uu,uu60363797,2020-03-20T21:30:20.680Z,"0km SE of Magna, Utah",earthquake,0.64,0.82,0.136,3,reviewed,uu,uu
2020-03-18T13:57:32.850Z,40.7528333,-112.053,7.54,1.99,ml,20,59,0.02894,0.13,uu,uu60363792,2020-03-19T20:48:02.750Z,"6km NE of Magna, Utah",earthquake,0.3,0.52,0.138,7,reviewed,uu,uu
2020-03-18T13:56:32.310Z,40.7658333,-112.061,7.89,1.93,ml,26,51,0.02779,0.14,uu,uu60363787,2020-03-19T21:00:26.660Z,"7km NNE of Magna, Utah",earthquake,0.28,0.56,0.248,4,reviewed,uu,uu
2020-03-18T13:54:41.750Z,40.7061667,-112.0768333,8.99,2.42,md,7,120,0.063,0.11,uu,uu60020324,2020-03-19T20:11:48.022Z,"2km E of Magna, Utah",earthquake,0.57,1.92,0.186,4,reviewed,uu,uu
2020-03-18T13:54:29.860Z,40.74,-112.0666667,10.01,2.18,ml,14,68,0.02678,0.17,uu,uu60363782,2020-03-19T18:56:46.263Z,"4km NE of Magna, Utah",earthquake,0.41,0.71,0.17,9,reviewed,uu,uu
2020-03-18T13:52:03.740Z,40.7455,-112.0708333,8.11,2.33,ml,10,86,0.03239,0.11,uu,uu60363777,2020-03-19T20:01:55.141Z,"4km NNE of Magna, Utah",earthquake,0.41,0.77,0.109,8,reviewed,uu,uu
2020-03-18T13:50:15.570Z,40.774,-112.0701667,4.33,2.07,ml,14,60,0.1169,0.16,uu,uu60363767,2020-03-19T19:55:21.390Z,"7km NNE of Magna, Utah",earthquake,0.41,2.71,0.088,8,reviewed,uu,uu
2020-03-18T13:49:39.980Z,40.7636667,-112.0675,6.69,2.04,md,19,66,0.03317,0.2,uu,uu60363762,2020-03-19T19:53:41.600Z,"6km NNE of Magna, Utah",earthquake,0.43,1.05,0.142,6,reviewed,uu,uu
2020-03-18T13:48:01.340Z,40.7261667,-112.0898333,10.04,3.1,ml,30,92,0.07716,0.18,uu,uu60363757,2020-03-19T08:55:40.040Z,"1km E of Magna, Utah",earthquake,0.35,0.54,0.172,16,reviewed,uu,uu
2020-03-18T13:47:44.770Z,40.7518333,-112.0536667,-0.52,1.85,ml,7,59,0.1114,0.26,uu,uu60363752,2020-03-18T23:57:04.756Z,"6km NE of Magna, Utah",earthquake,0.46,31.61,0.164,3,reviewed,uu,uu
2020-03-18T13:46:53.850Z,40.7541667,-112.0615,6.92,2.22,ml,27,57,0.03344,0.21,uu,uu60363742,2020-03-19T20:01:51.731Z,"6km NE of Magna, Utah",earthquake,0.38,0.82,0.142,13,reviewed,uu,uu
2020-03-18T13:46:27.220Z,40.7435,-112.0455,6.87,1.43,ml,15,52,0.01808,0.13,uu,uu60363747,2020-03-20T21:09:13.580Z,"6km NNW of West Valley City, Utah",earthquake,0.44,0.9,0.282,2,reviewed,uu,uu
2020-03-18T13:44:51.110Z,40.7658333,-112.0516667,8.17,1.43,md,15,56,0.02164,0.14,uu,uu60363737,2020-03-18T21:26:52.820Z,"7km NNE of Magna, Utah",earthquake,0.37,0.67,0.332,10,reviewed,uu,uu
2020-03-18T13:44:01.870Z,40.737,-112.0761667,9.55,2.19,ml,16,93,0.03222,0.17,uu,uu60363732,2020-03-19T18:08:05.980Z,"3km NE of Magna, Utah",earthquake,0.48,0.8,0.108,2,reviewed,uu,uu
2020-03-18T13:43:26.430Z,40.7663333,-112.0711667,7.1,1.77,ml,15,80,0.03472,0.17,uu,uu60363722,2020-03-19T01:42:34.340Z,"6km NNE of Magna, Utah",earthquake,0.43,0.7,0.134,2,reviewed,uu,uu
2020-03-18T13:42:48.590Z,40.7636667,-112.0771667,8.95,2.28,ml,15,61,0.03992,0.12,uu,uu60020309,2020-03-19T17:18:42.850Z,"6km NNE of Magna, Utah",earthquake,0.31,0.71,0.242,3,reviewed,uu,uu
2020-03-18T13:42:35.160Z,40.7473333,-112.049,8.94,2.04,ml,7,78,0.02267,0.06,uu,uu60020304,2020-03-19T17:08:01.810Z,"6km NE of Magna, Utah",earthquake,0.41,0.67,0.162,3,reviewed,uu,uu
2020-03-18T13:42:24.990Z,40.7328333,-112.0773333,9.85,2.23,ml,31,45,0.03205,0.16,uu,uu60363727,2020-03-19T16:57:57.520Z,"3km NE of Magna, Utah",earthquake,0.28,0.47,0.068,6,reviewed,uu,uu
2020-03-18T13:41:52.690Z,40.748,-112.0423333,8.57,1.63,ml,16,76,0.02159,0.13,uu,uu60363717,2020-03-19T16:38:55.940Z,"6km NE of Magna, Utah",earthquake,0.38,0.6,0.284,2,reviewed,uu,uu
2020-03-18T13:41:02.560Z,40.741,-112.0411667,7.93,2.04,ml,18,75,0.0146,0.12,uu,uu60020299,2020-03-19T16:14:38.060Z,"6km NNW of West Valley City, Utah",earthquake,0.31,0.54,0.085,5,reviewed,uu,uu
2020-03-18T13:40:56.480Z,40.7756667,-112.0513333,8.39,1.29,ml,16,110,0.0178,0.14,uu,uu60363712,2020-03-19T16:04:47.890Z,"8km NNE of Magna, Utah",earthquake,0.46,0.68,0.189,2,reviewed,uu,uu
2020-03-18T13:40:27.450Z,40.7463333,-112.0608333,9.63,2,md,11,82,0.0271,0.07,uu,uu60020294,2020-03-19T15:32:23.640Z,"5km NE of Magna, Utah",earthquake,0.37,0.64,0.581,3,reviewed,uu,uu
2020-03-18T13:40:18.430Z,40.765,-112.0623333,6.17,1.89,md,14,103,0.043,0.22,uu,uu60020289,2020-03-19T15:27:13.340Z,"7km NNE of Magna, Utah",earthquake,0.6,1.37,0.254,8,reviewed,uu,uu
2020-03-18T13:39:50.340Z,40.761,-112.0543333,8.04,1.85,ml,21,53,0.02618,0.11,uu,uu60363707,2020-03-19T15:11:44.780Z,"7km NE of Magna, Utah",earthquake,0.32,0.47,0.224,3,reviewed,uu,uu
2020-03-18T13:39:09.700Z,40.7813333,-112.0795,6.86,2.46,md,17,63,0.03917,0.15,uu,uu60363702,2020-03-19T19:51:37.470Z,"8km NNE of Magna, Utah",earthquake,0.4,1.03,0.493,7,reviewed,uu,uu
2020-03-18T13:36:38.070Z,40.7496667,-112.0663333,9.57,3.5,ml,37,66,0.03241,0.19,uu,uu60363697,2020-03-23T01:35:57.829Z,"3km NNE of Magna, Utah",earthquake,0.27,0.47,0.295,18,reviewed,uu,uu
2020-03-18T13:36:24.200Z,40.7648333,-112.0711667,8.13,1.96,ml,9,120,0.1183,0.14,uu,uu60363692,2020-03-19T19:55:47.890Z,"6km NNE of Magna, Utah",earthquake,0.71,2.11,0.152,2,reviewed,uu,uu
2020-03-18T13:35:15.200Z,40.756,-112.065,8.29,2.03,ml,12,85,0.03562,0.16,uu,uu60363687,2020-03-18T22:32:32.740Z,"6km NNE of Magna, Utah",earthquake,0.46,0.79,0.168,2,reviewed,uu,uu
2020-03-18T13:33:37.180Z,40.7555,-112.0603333,6.69,2.39,ml,11,122,0.1126,0.16,uu,uu60363677,2020-03-19T08:26:15.040Z,"7km NNE of Magna, Utah",earthquake,0.38,1.94,0.268,2,reviewed,uu,uu
2020-03-18T13:32:29.850Z,40.7556667,-112.0511667,9.53,3.86,ml,36,46,0.02837,0.19,uu,uu60363682,2020-03-19T23:00:06.698Z,"6km NE of Magna, Utah",earthquake,0.31,0.55,0.249,9,reviewed,uu,uu
2020-03-18T13:31:18.160Z,40.7555,-112.0436667,8.48,3.13,ml,28,53,0.0254,0.11,uu,uu60363667,2020-03-19T21:46:51.842Z,"5km NE of Magna, Utah",earthquake,0.25,0.62,0.15,10,reviewed,uu,uu
2020-03-18T13:29:55.650Z,40.7491667,-112.0563333,9.66,3.09,ml,52,41,0.02709,0.22,uu,uu60363672,2020-03-19T21:32:18.031Z,"4km NE of Magna, Utah",earthquake,0.35,0.57,0.15,14,reviewed,uu,uu
2020-03-18T13:27:20.380Z,40.7516667,-112.0543333,7.53,2.55,ml,24,56,0.0284,0.17,uu,uu60363662,2020-03-19T21:22:58.640Z,"5km NE of Magna, Utah",earthquake,0.39,0.89,0.262,7,reviewed,uu,uu
2020-03-18T13:26:19.640Z,40.7701667,-112.0601667,8.06,2.26,md,29,60,0.02558,0.2,uu,uu60363657,2020-03-20T17:13:11.990Z,"7km NNE of Magna, Utah",earthquake,0.31,0.97,0.165,10,reviewed,uu,uu
2020-03-18T13:23:19.860Z,40.7523333,-112.094,11.11,3.66,ml,52,54,0.05092,0.16,uu,uu60363652,2020-03-23T02:47:48.276Z,"4km N of Magna, Utah",earthquake,0.26,0.42,0.199,13,reviewed,uu,uu
2020-03-18T13:22:02.060Z,40.7546667,-112.0458333,8.55,3.67,ml,46,45,0.02692,0.16,uu,uu60363647,2020-03-19T22:59:56.126Z,"6km NE of Magna, Utah",earthquake,0.25,0.58,0.138,16,reviewed,uu,uu
2020-03-18T13:21:16.240Z,40.7631667,-112.079,8.26,2.23,ml,18,53,0.0414,0.18,uu,uu60363642,2020-03-19T21:12:28.280Z,"6km NNE of Magna, Utah",earthquake,0.42,1.1,0.294,2,reviewed,uu,uu
2020-03-18T13:20:21.760Z,40.7656667,-112.0665,7.71,2.37,ml,23,83,0.03166,0.16,uu,uu60363637,2020-03-19T21:04:07.480Z,"6km NNE of Magna, Utah",earthquake,0.44,0.87,0.148,2,reviewed,uu,uu
2020-03-18T13:18:28.450Z,40.7533333,-112.0526667,7.62,3.21,ml,21,55,0.02928,0.13,uu,uu60363632,2020-03-19T21:05:14.779Z,"5km NE of Magna, Utah",earthquake,0.36,0.5,0.195,5,reviewed,uu,uu
2020-03-18T13:16:38.480Z,40.7656667,-112.0761667,9.59,3.35,ml,25,55,0.03853,0.21,uu,uu60363622,2020-03-19T14:59:39.397Z,"7km NNE of Magna, Utah",earthquake,0.49,0.81,0.102,3,reviewed,uu,uu
2020-03-18T13:16:03.040Z,40.761,-112.0715,5.95,3.11,ml,10,120,0.03708,0.15,uu,uu60020269,2020-03-19T15:46:08.360Z,"6km NNE of Magna, Utah",earthquake,0.49,1.13,0.081,2,reviewed,uu,uu
2020-03-18T13:15:55.760Z,40.7496667,-112.0433333,8.26,3.37,ml,27,45,0.02339,0.15,uu,uu60363627,2020-03-19T17:56:24.018Z,"6km NE of Magna, Utah",earthquake,0.27,0.47,0.181,3,reviewed,uu,uu
2020-03-18T13:15:11.480Z,40.7555,-112.0581667,8.94,3.67,ml,32,47,0.03204,0.16,uu,uu60363617,2020-03-19T23:02:17.666Z,"2km ENE of Magna, Utah",earthquake,0.28,0.44,0.143,6,reviewed,uu,uu
2020-03-18T13:14:21.540Z,40.7546667,-112.0591667,8.06,3.69,md,20,56,0.03286,0.16,uu,uu60363612,2020-03-20T02:51:39.014Z,"7km NNE of Magna, Utah",earthquake,0.33,0.64,0.332,5,reviewed,uu,uu
2020-03-18T13:14:05.960Z,40.7475,-112.076,9.35,2.76,md,16,89,0.03675,0.09,uu,uu60363607,2020-03-19T13:58:15.930Z,"5km NNE of Magna, Utah",earthquake,0.3,0.69,0.235,3,reviewed,uu,uu
2020-03-18T13:10:16.960Z,40.7475,-112.0801667,6.94,4.01,md,8,91,0.03942,0.15,uu,uu60020264,2020-03-22T16:41:44.688Z,"4km NNE of Magna, Utah",earthquake,0.59,1.13,0.209,2,reviewed,uu,uu
2020-03-18T13:10:08.210Z,40.747,-112.0813333,8.53,3.94,md,11,91,0.03993,0.22,uu,uu60020254,2020-03-23T04:16:11.589Z,"4km NNE of Magna, Utah",earthquake,0.59,1.23,0.144,3,reviewed,uu,uu
2020-03-18T13:09:31.530Z,40.751,-112.0783333,11.9,5.7,mw,54,50,0.04022,0.2,uu,uu60363602,2020-03-23T04:20:20.182Z,"6km NNE of Magna, Utah",earthquake,0.3,0.39,,0,reviewed,uu,uu
